Supplier,TotalOrders,TotalQuantity,AvgLeadTime,PctOnTime,AvgDefectRate,AvgCostSavingPct,ComplianceRate,Norm_OnTime,Norm_Defect,Norm_Compliance,Norm_CostSaving,VendorScore,Rank
Alpha_Inc,105,114420,10.361904761904762,0.5619047619047619,0.016787515498195852,0.08071167033038489,0.9333333333333333,0.7875741986545307,1.0,0.8784831944843435,1.0,0.890726318358681,1
Beta_Supplies,132,153092,11.303030303030303,0.49242424242424243,0.08391147835025854,0.07892408803666996,0.7575757575757576,0.0,0.23576403511269217,0.4047556867148938,0.331557019926148,0.18483604986940122,4
Delta_Logistics,135,144951,10.8,0.5185185185185185,0.10461897847044764,0.07803742234364199,0.6074074074074074,0.29578331794398227,0.0,0.0,0.0,0.11831332717759291,5
Epsilon_Group,139,150987,10.920863309352518,0.5251798561151079,0.025962939814245523,0.07891255672998079,0.9784172661870504,0.3712907790111394,0.8955337414913785,1.0,0.3272450388584484,0.6499009379377141,3
Gamma_Co,124,139235,10.03225806451613,0.5806451612903226,0.04496918669513545,0.07996000194410256,0.8467741935483871,1.0,0.6791392259304287,0.645176349028366,0.718923454366019,0.8046693830214037,2
